Workbook

Sheet Cover
A3: FUNCTION TESTCASE DOCUMENT
A6: Document name: [Project Code]_TestCase_SIT_Version_xx
A7: Version: [Enter version of document]
A8: Creator: [Enter account of creator] | D8: Create Date: [Enter create date]
A9: Reviewer: [Enter account of test leader] | D9: Review Date: [Enter duration testing date]
A12: REFERENCE DOCUMENTS
A14: No | B14: Document tyoe | C14: Document name | F14: Link
A22: HISTORY CHANGE
A24: No | B24: Date | C24: Version | D24: Category (*) | E24: Modified By | F24: Description
A30: ( *) A (Add), M (Modify), D (Delete)
A33: FUNCTIONS LIST
A35: No | B35: Function | D35: Tester | E35: Status | F35: Sheet Name

Sheet Report
B1: TEST SUMMARY REPORT
B2: [Project Name]
C4: Document name: [Enter document name]
C5: Version: [Enter version of document]
C6: Creator: [Enter account of creator] | E6: Create Date: [Enter create date]
C7: Test Leader: [Enter account of test leader] | E7: Test Date: [Enter duration testing (From date - To date)]
C8: Project Manager: [Enter account of PM]
C11: SIGNATURE
C13: Full name: | D13: Vũ Đình Đồng | F13: Signature
C14: Role: | D14: Test leader
C15: Date time: | D15: 01/10/2022
C17: Full name: | D17: Vũ Đình Đồng | F17: Signature
C18: Role: | D18: Test leader
C19: Date time: | D19: 01/10/2022
B23: 1. Test Tracking and Efficiency
B24: NO | C24: TEST TRACKING | D24: PERCENTAGE
B25: 1 | C25: Test Coverage | D25: =(G37+H37)/F37 -> 0.18128655
B26: 2 | C26: Passed Rate | D26: =(G37)/(G37+H37) -> 0.77419355
B27: 3 | C27: Failed Rate | D27: =(H37)/(G37+H37) -> 0.22580645
B28: 4 | C28: Fixed Defects | D28: =F46/D46 -> 0.5
B30: 2. Test Execution Status
B31: NO | C31: MODULE | D31: EXECUTION | E31: PASS RATE | F31: TOTAL TCs | G31: PASSED | H31: FAILED | I31: PENDING | J31: N/A
B32: 1 | C32: =QuanLyThuongHieu!$C$1 -> Quản lý thương hiệu | D32: =(G32+H32)/F32 -> 0.39726027 | E32: =G32/(G32+H32) -> 0.82758621 | F32: =SUM(G32:J32) -> 73 | G32: =QuanLyThuongHieu!H2 -> 24 | H32: =QuanLyThuongHieu!H3 -> 5 | I32: =QuanLyThuongHieu!H4 -> 0 | J32: =QuanLyThuongHieu!H5 -> 44
B33: 2 | C33: =QuanLyDanhMuc!C1 -> Quản lý danh mục | D33: =(G33+H33)/F33 -> 0.020408163 | E33: =G33/(G33+H33) -> 0 | F33: =SUM(G33:J33) -> 98 | G33: =QuanLyDanhMuc!H2 -> 0 | H33: =QuanLyDanhMuc!H3 -> 2 | I33: =QuanLyDanhMuc!H4 -> 0 | J33: =QuanLyDanhMuc!H5 -> 96
B34: 3
B35: 4
B36: 5
B37: TOTAL | F37: =SUM(F32:F36) -> 171 | G37: =SUM(G32:G36) -> 24 | H37: =SUM(H32:H36) -> 7 | I37: =SUM(I32:I36) -> 0 | J37: =SUM(J32:J36) -> 140
B39: 3. Bug Status
B40: =B31 -> NO | C40: =C31 -> MODULE | D40: TOTAL | E40: FIX RATE | F40: DONE | G40: OPEN | H40: PENDING | I40: REJECTED
B41: =B32 -> 1 | C41: =QuanLyThuongHieu!$C$1 -> Quản lý thương hiệu | D41: =SUM(F41:H41) -> 0 | E41: =F41/D41 -> #DIV/0! | F41: =QuanLyThuongHieu!J2 -> 0 | G41: =QuanLyThuongHieu!J3 -> 0 | H41: =QuanLyThuongHieu!J4 -> 0 | I41: =QuanLyThuongHieu!J5 -> 0
B42: =B33 -> 2 | C42: =QuanLyDanhMuc!C1 -> Quản lý danh mục | D42: =SUM(F42:H42) -> 2 | E42: =F42/D42 -> 0.5 | F42: =QuanLyDanhMuc!J2 -> 1 | G42: =QuanLyDanhMuc!J2 -> 1 | H42: =QuanLyDanhMuc!J3 -> 0 | I42: =QuanLyDanhMuc!J4 -> 0
B43: =B34 -> 3
B44: =B35 -> 4
B45: =B36 -> 5
B46: =B37 -> TOTAL | D46: =SUM(D41:D45) -> 2 | E46: =SUM(E41:E45) -> #DIV/0! | F46: =SUM(F41:F45) -> 1 | G46: =SUM(G41:G45) -> 1 | H46: =SUM(H41:H45) -> 0 | I46: =SUM(I41:I45) -> 0
B49: 5. Testing Chart

Sheet Glossary
A1: Trạng thái | B1: Note | D1: TEST STATUS | F1: BUG STATUS | H1: BUG TYPE | J1: PRIORITY | L1: SEVERITY
A2: NOT READY | B2: Chưa bắt đầu test | D2: Passed | F2: Done | H2: Business | J2: Highest | L2: Blocked
A3: IN-PROGRESS | B3: Đang test chưa hết round 1 | D3: Failed | F3: Open | H3: Validate | J3: High | L3: Critical
A4: FIXBUG | B4: Hết round 1, có bug đang chờ fix | D4: Pending | F4: Pending | H4: UI/UX | J4: Medium | L4: Major
A5: PASSED INTERNAL | B5: Đã test xong và fix xong bug | D5: N/A | F5: Rejected | J5: Low | L5: Minor
A6: PENDING | B6: Không test tiếp được do có blocker
A7: READY FOR TEST | B7: Sẵn sàng để test internal
A8: IN UAT | B8: Đã lên UAT
A9: FAILED UAT | B9: Fail trên UAT
A10: PASSED UAT | B10: Pass trên UAT
A11: CREATE T/C | B11: Đang tạo test case

Sheet QuanLyThuongHieu
B1: Module Name | C1: Quản lý thương hiệu | G1: Kết quả test | I1: Trạng thái lỗi
B2: Module Code | C2: Brand | G2: =Glossary!D2 -> Passed | H2: =COUNTIF($H$10:H581,G2) -> 24 | I2: =Glossary!F2 -> Done | J2: =COUNTIF($I$10:I581,I2) -> 0
B3: Total Testcases | C3: =COUNTA(G10:G581) -> 73 | G3: =Glossary!D3 -> Failed | H3: =COUNTIF($H$10:H582,G3) -> 5 | I3: =Glossary!F3 -> Open | J3: =COUNTIF($I$10:I582,I3) -> 0
B4: Coverage | C4: =($H$2+$H$3)/$C$3 -> 0.39726027 | G4: =Glossary!D4 -> Pending | H4: =COUNTIF($H$10:H583,G4) -> 0 | I4: =Glossary!F4 -> Pending | J4: =COUNTIF($I$10:I583,I4) -> 0
B5: Creator | G5: =Glossary!D5 -> N/A | H5: =COUNTIF($H$10:H584,G5) -> 44 | I5: =Glossary!F5 -> Rejected | J5: =COUNTIF($I$10:I584,I5) -> 0
A7: TC_ID | B7: Mục đích kiểm thử | C7: Kịch bản | D7: Trường hợp kiểm thử | E7: Dữ liệu | F7: Bước thực hiện | G7: Kết quả mong muốn | H7: Kết quả | I7: Trạng thái lỗi | J7: Ghi chú
B8: Pre-condition: Đăng nhập hệ thống với tài khoản có quyền
B9: Danh sách thương hiệu
B10: Kiểm tra giao diện
A11: =IF(G11="","",$C$2&"-"&SUBTOTAL(3,$G$10:G11)) -> Brand-1 | B11: Kiểm tra giao diện chung của màn hình chức năng | C11: Kiểm tra giao diện so với thiết kế | D11: Kiểm tra giao diện so với thiết kế | F11: 1. Truy cập màn hình Quản lý Thương hiệu 2. Kiểm tra giao diện màn hình chức năng so với thiết kế | G11: 2. Hiển thị giao diện màn hình chức năng đúng với thiết kế Figma: - Title: Quản lý thương hiệu - Button: Thêm thương hiệu - Textbox tìm kiếm - Gird danh sách thương hiệu | H11: Passed
A12: =IF(G12="","",$C$2&"-"&SUBTOTAL(3,$G$10:G12)) -> Brand-2 | G12: 2. Các trường thông tin hiển thị đúng chính tả | H12: Passed
A13: =IF(G13="","",$C$2&"-"&SUBTOTAL(3,$G$10:G13)) -> Brand-3 | G13: 2. Các trường thông tin hiển thị đúng layout, căn chỉnh thẳng hàng, không bị xô lệch | H13: Passed
A14: =IF(G14="","",$C$2&"-"&SUBTOTAL(3,$G$10:G14)) -> Brand-4 | G14: 2. Các trường thông tin hiển thị đúng stype, color, font size | H14: Passed
A15: =IF(G15="","",$C$2&"-"&SUBTOTAL(3,$G$10:G15)) -> Brand-5 | C15: Kiểm tra hiển thị danh sách thương hiệu | D15: Không có dữ liệu thương hiệu | F15: Tại màn hình quản lý thương hiệu 1. Kiểm tra gird thương hiệu trên màn hình | G15: 1. Hiển thị thông báo "Không có thương hiệu phù hợp" | H15: Failed | J15: Không tìm thấy thương hiệu phù hợp
A16: =IF(G16="","",$C$2&"-"&SUBTOTAL(3,$G$10:G16)) -> Brand-6 | D16: Có dữ liệu thương hiệu | F16: Tại màn hình quản lý thương hiệu 1. Kiểm tra gird thương hiệu trên màn hình | G16: 1. Hiển thị card thông tin thương hiệu gồm - icon thương hiệu - Tên thương hiệu - Số lượng sản phẩm gắn với thương hiệu - icon edit - icon delete | H16: Failed | J16: Số lượng ko hiển thị đúng
A17: =IF(G17="","",$C$2&"-"&SUBTOTAL(3,$G$10:G17)) -> Brand-7 | G17: 1. Gird card hiển thị 3 cột trên dòng | H17: Passed
A18: =IF(G18="","",$C$2&"-"&SUBTOTAL(3,$G$10:G18)) -> Brand-8 | B18: Kiểm tra giao diện tìm kiếm | C18: Kiểm tra giao diện tìm kiếm | D18: Kiểm tra giao diện tìm kiếm | F18: Tại màn hình quản lý thương hiệu 1. Kiểm tra trường Tìm kiếm | G18: 1. Mặc định trường textbox Trống | H18: Passed
A19: =IF(G19="","",$C$2&"-"&SUBTOTAL(3,$G$10:G19)) -> Brand-9 | G19: 1. Hiển thị place holder text "Tìm kiếm theo tên thương hiệu" | H19: Passed
A20: =IF(G20="","",$C$2&"-"&SUBTOTAL(3,$G$10:G20)) | B20: Kiểm tra validate trường thông tin
A21: =IF(G21="","",$C$2&"-"&SUBTOTAL(3,$G$10:G21)) -> Brand-10 | B21: Kiểm tra validate trường Tìm kiếm theo tên thương hiệu | C21: Nhập thông tin hợp lệ | D21: Nhập thương hiệu đang hoạt động | F21: Tại màn hình quản lý thương hiệu 1. Nhập thông tin tìm kiếm như kịch bản test 2. Kiểm tra kết quả tìm kiếm | G21: 2. Cho phép nhập thông tin, thực hiện tìm kiếm | H21: Passed
A22: =IF(G22="","",$C$2&"-"&SUBTOTAL(3,$G$10:G22)) -> Brand-11 | D22: Nhập thương hiệu đã bị xóa | G22: 2. Cho phép nhập thông tin, thực hiện tìm kiếm | H22: Passed
A23: =IF(G23="","",$C$2&"-"&SUBTOTAL(3,$G$10:G23)) -> Brand-12 | C23: Nhập thông tin không hợp lệ | D23: Nhập thương hiệu không tồn tại | F23: Tại màn hình quản lý thương hiệu 1. Nhập thông tin tìm kiếm như kịch bản test 2. Kiểm tra kết quả tìm kiếm | G23: 2. Cho phép nhập thông tin, thực hiện tìm kiếm | H23: Passed
A24: =IF(G24="","",$C$2&"-"&SUBTOTAL(3,$G$10:G24)) | B24: Kiểm tra chức năng
A25: =IF(G25="","",$C$2&"-"&SUBTOTAL(3,$G$10:G25)) -> Brand-13 | B25: Kiểm tra chức năng tìm kiếm | C25: Tìm kiếm với keyword tồn tại | D25: Nhập thương hiệu đang hoạt động | F25: Tại màn hình quản lý thương hiệu 1. Nhập thông tin tìm kiếm như kịch bản test 2. Kiểm tra kết quả tìm kiếm | G25: 2. Hiển thị danh sách thương hiệu theo keyword | H25: Passed
A26: =IF(G26="","",$C$2&"-"&SUBTOTAL(3,$G$10:G26)) -> Brand-14 | G26: 2. Hiển thị đúng dữ liệu trong db SQL: SELECT * FROM Brands WHERE name = '' | H26: Passed
A27: =IF(G27="","",$C$2&"-"&SUBTOTAL(3,$G$10:G27)) -> Brand-15 | D27: Nhập thương hiệu đã bị xóa | F27: Tại màn hình quản lý thương hiệu 1. Nhập thông tin tìm kiếm như kịch bản test 2. Kiểm tra kết quả tìm kiếm | G27: 2. Báo lỗi "Không tìm thấy thương hiệu phù hợp" | H27: Passed
A28: =IF(G28="","",$C$2&"-"&SUBTOTAL(3,$G$10:G28)) -> Brand-16 | C28: Tìm kiếm với keyword không tồn tại | D28: Nhập thương hiệu không tồn tại | F28: Tại màn hình quản lý thương hiệu 1. Nhập thông tin tìm kiếm như kịch bản test 2. Kiểm tra kết quả tìm kiếm | G28: 2. Báo lỗi "Không tìm thấy thương hiệu phù hợp" | H28: Passed
A29: =IF(G29="","",$C$2&"-"&SUBTOTAL(3,$G$10:G29)) -> Brand-17 | B29: Kiểm tra chức năng các button | C29: Kiểm tra chức năng các button | D29: Kiểm tra button Thêm thương hiệu | F29: Tại màn hình quản lý thương hiệu 1. Click button Thêm mới 2. Kiểm tra thao tác | G29: 2. Hiển thị popup Thêm mới | H29: Passed
A30: =IF(G30="","",$C$2&"-"&SUBTOTAL(3,$G$10:G30)) -> Brand-18 | D30: Kiểm tra icon edit | F30: Tại màn hình quản lý thương hiệu 1. Click icon edit trên bản ghi 2. Kiểm tra thao tác | G30: 2. Hiển thị popup Chỉnh sửa | H30: Passed
A31: =IF(G31="","",$C$2&"-"&SUBTOTAL(3,$G$10:G31)) -> Brand-19 | D31: Kiểm tra icon delete | F31: Tại màn hình quản lý thương hiệu 1. Click icon delete trên bản ghi 2. Kiểm tra thao tác | G31: 2. Hiển thị Dialog Xóa | H31: Passed
A32: =IF(G32="","",$C$2&"-"&SUBTOTAL(3,$G$10:G32)) | B32: Thêm mới thương hiệu
A33: =IF(G33="","",$C$2&"-"&SUBTOTAL(3,$G$10:G33)) | B33: Kiểm tra giao diện
A34: =IF(G34="","",$C$2&"-"&SUBTOTAL(3,$G$10:G34)) -> Brand-20 | B34: Kiểm tra giao diện chung của màn hình chức năng | C34: Kiểm tra giao diện so với thiết kế | D34: Kiểm tra giao diện so với thiết kế | F34: Tại màn hình quản lý thương hiệu 1. Click button "Thêm thương hiệu" 2. Kiểm tra giao diện màn hình chức năng so với thiết kế | G34: 2. Hiển thị giao diện màn hình chức năng đúng với thiết kế Figma: - Title: Thêm thương hiệu - Button: Hủy, Lưu - Textbox Tên thương hiệu * | H34: Passed
A35: =IF(G35="","",$C$2&"-"&SUBTOTAL(3,$G$10:G35)) -> Brand-21 | G35: 2. Các trường thông tin hiển thị đúng chính tả | H35: Passed
A36: =IF(G36="","",$C$2&"-"&SUBTOTAL(3,$G$10:G36)) -> Brand-22 | G36: 2. Các trường thông tin hiển thị đúng layout, căn chỉnh thẳng hàng, không bị xô lệch | H36: Passed
A37: =IF(G37="","",$C$2&"-"&SUBTOTAL(3,$G$10:G37)) -> Brand-23 | G37: 2. Các trường thông tin hiển thị đúng stype, color, font size | H37: Passed
A38: =IF(G38="","",$C$2&"-"&SUBTOTAL(3,$G$10:G38)) -> Brand-24 | G38: 2. Error message được hiển thị inline, màu đỏ | H38: Failed | J38: Bắn cả response message lên giao diện
A39: =IF(G39="","",$C$2&"-"&SUBTOTAL(3,$G$10:G39)) -> Brand-25 | C39: Kiểm tra giá trị mặc định | D39: Kiểm tra giá trị trường Tên thương hiệu | F39: Tại màn hình thêm mới thương hiệu 1. Kiểm tra giá trị mặc định trường Tên thương hiệu | G39: 1. Tên thương hiệu mặc định trống | H39: Passed
A40: =IF(G40="","",$C$2&"-"&SUBTOTAL(3,$G$10:G40)) -> Brand-26 | G40: 1. Hiển thị place holder text "Nhập tên thương hiệu" | H40: Passed
A41: =IF(G41="","",$C$2&"-"&SUBTOTAL(3,$G$10:G41)) | B41: Kiểm tra validate trường thông tin
A42: =IF(G42="","",$C$2&"-"&SUBTOTAL(3,$G$10:G42)) -> Brand-27 | B42: Kiểm tra validate trường Tên thương hiệu | C42: Nhập tên thương hiệu hợp lệ | D42: Nhập tên < 50 ký tự | F42: Tại màn hình thêm mới thương hiệu 1. Nhập thông tin trường dữ liệu như kịch bản test 2. Click Lưu | G42: 2. Lưu thương hiệu thành công | H42: N/A
A43: =IF(G43="","",$C$2&"-"&SUBTOTAL(3,$G$10:G43)) -> Brand-28 | D43: Nhập tên = 50 ký tự | F43: Tại màn hình thêm mới thương hiệu 1. Nhập thông tin trường dữ liệu như kịch bản test 2. Click Lưu | G43: 2. Lưu thương hiệu thành công | H43: N/A
A44: =IF(G44="","",$C$2&"-"&SUBTOTAL(3,$G$10:G44)) -> Brand-29 | C44: Nhập tên thương hiệu không hợp lệ | D44: Không nhập tên | F44: Tại màn hình thêm mới thương hiệu 1. Nhập thông tin trường dữ liệu như kịch bản test 2. Click Lưu | G44: 2. Báo lỗi "Tên thương hiệu không được để trống" | H44: N/A
A45: =IF(G45="","",$C$2&"-"&SUBTOTAL(3,$G$10:G45)) -> Brand-30 | D45: Nhập tên đã tồn tại | F45: Tại màn hình thêm mới thương hiệu 1. Nhập thông tin trường dữ liệu như kịch bản test 2. Click Lưu | G45: 2. Báo lỗi "Tên thương hiệu đã tồn tại" | H45: Passed | J45: Thông báo ko rõ ràng
A46: =IF(G46="","",$C$2&"-"&SUBTOTAL(3,$G$10:G46)) -> Brand-31 | D46: Nhập space | F46: Tại màn hình thêm mới thương hiệu 1. Nhập thông tin trường dữ liệu như kịch bản test 2. Click Lưu | G46: 2. Báo lỗi "Tên thương hiệu không được để trống" | H46: N/A
A47: =IF(G47="","",$C$2&"-"&SUBTOTAL(3,$G$10:G47)) -> Brand-32 | D47: Nhập > 50 ký tự | F47: Tại màn hình thêm mới thương hiệu 1. Nhập thông tin trường dữ liệu như kịch bản test 2. Click Lưu | G47: 2. Báo lỗi "Tên thương hiệu không hợp lệ" | H47: Failed
A48: =IF(G48="","",$C$2&"-"&SUBTOTAL(3,$G$10:G48)) -> Brand-33 | D48: Nhập ký tự đặc biệt | F48: Tại màn hình thêm mới thương hiệu 1. Nhập thông tin trường dữ liệu như kịch bản test 2. Click Lưu | G48: 2. Báo lỗi "Tên thương hiệu không hợp lệ" | H48: N/A
A49: =IF(G49="","",$C$2&"-"&SUBTOTAL(3,$G$10:G49)) -> Brand-34 | D49: Nhập emotion/icon | F49: Tại màn hình thêm mới thương hiệu 1. Nhập thông tin trường dữ liệu như kịch bản test 2. Click Lưu | G49: 2. Báo lỗi "Tên thương hiệu không hợp lệ" | H49: N/A
A50: =IF(G50="","",$C$2&"-"&SUBTOTAL(3,$G$10:G50)) | B50: Kiểm tra chức năng
A51: =IF(G51="","",$C$2&"-"&SUBTOTAL(3,$G$10:G51)) -> Brand-35 | B51: Kiểm tra chức năng Lưu | C51: Thêm mới với thông tin hợp lệ | D51: Thêm mới với thông tin hợp lệ | F51: Tại màn hình thêm mới thương hiệu 1. Nhập thông tin hợp lệ 2. Click Lưu | G51: 2. Thêm mới thương hiệu thành công - Hiển thị toast thông báo "Thêm mới thương hiệu thành công" | H51: N/A
A52: =IF(G52="","",$C$2&"-"&SUBTOTAL(3,$G$10:G52)) -> Brand-36 | G52: 2. Đóng popup thêm mới, quay về màn hình danh sách | H52: N/A
A53: =IF(G53="","",$C$2&"-"&SUBTOTAL(3,$G$10:G53)) -> Brand-37 | G53: 2. Hiển thị bản ghi thêm mới lên đầu | H53: Failed
A54: =IF(G54="","",$C$2&"-"&SUBTOTAL(3,$G$10:G54)) -> Brand-38 | G54: 2. Hiển thị thông tin thương hiệu đúng với dữ liệu thêm mới | H54: N/A
A55: =IF(G55="","",$C$2&"-"&SUBTOTAL(3,$G$10:G55)) -> Brand-39 | F55: 3. Kiểm tra thông tin trong Database | G55: 3. Thông tin insert vào database thành công - bảng Brands | H55: N/A
A56: =IF(G56="","",$C$2&"-"&SUBTOTAL(3,$G$10:G56)) -> Brand-40 | B56: Kiểm tra chức năng Hủy | C56: Đã nhập thông tin thương hiệu | D56: Đã nhập thông tin thương hiệu | F56: Tại màn hình thêm mới thương hiệu 1. Nhập thông tin hợp lệ 2. Click Hủy | G56: 2. Hiển thị dia log confirm "Bạn muốn hủy thêm mới thương hiệu ?" | H56: N/A
A57: =IF(G57="","",$C$2&"-"&SUBTOTAL(3,$G$10:G57)) -> Brand-41 | F57: 3. Click Hủy | G57: 3. Tắt dia log, vẫn giữ nguyên popup với thông tin đã nhập | H57: N/A
A58: =IF(G58="","",$C$2&"-"&SUBTOTAL(3,$G$10:G58)) -> Brand-42 | F58: 3. Click Đồng ý | G58: 3. Đóng popup thêm mới, quay về màn hình danh sách - Không thêm mới thương hiệu | H58: N/A
A59: =IF(G59="","",$C$2&"-"&SUBTOTAL(3,$G$10:G59)) -> Brand-43 | C59: Chưa nhập thông tin thương hiệu | D59: Chưa nhập thông tin thương hiệu | F59: Tại màn hình thêm mới thương hiệu 1. Không nhập thông tin 2. Click Hủy | G59: 2. Đóng popup thêm mới, quay về màn hình danh sách | H59: N/A
B60: Chỉnh sửa thương hiệu
B61: Kiểm tra giao diện
A62: =IF(G62="","",$C$2&"-"&SUBTOTAL(3,$G$10:G62)) -> Brand-44 | B62: Kiểm tra giao diện chung của màn hình chức năng | C62: Kiểm tra giao diện so với thiết kế | D62: Kiểm tra giao diện so với thiết kế | F62: Tại màn hình quản lý thương hiệu 1. Click icon edit trên thương hiệu 2. Kiểm tra giao diện màn hình chức năng so với thiết kế | G62: 2. Hiển thị giao diện màn hình chức năng đúng với thiết kế Figma: - Title: Sửa thương hiệu - Button: Hủy, Lưu - Textbox Tên thương hiệu * | H62: N/A
A63: =IF(G63="","",$C$2&"-"&SUBTOTAL(3,$G$10:G63)) -> Brand-45 | G63: 2. Các trường thông tin hiển thị đúng chính tả | H63: N/A
A64: =IF(G64="","",$C$2&"-"&SUBTOTAL(3,$G$10:G64)) -> Brand-46 | G64: 2. Các trường thông tin hiển thị đúng layout, căn chỉnh thẳng hàng, không bị xô lệch | H64: N/A
A65: =IF(G65="","",$C$2&"-"&SUBTOTAL(3,$G$10:G65)) -> Brand-47 | G65: 2. Các trường thông tin hiển thị đúng stype, color, font size | H65: N/A
A66: =IF(G66="","",$C$2&"-"&SUBTOTAL(3,$G$10:G66)) -> Brand-48 | G66: 2. Error message được hiển thị inline, màu đỏ | H66: N/A
A67: =IF(G67="","",$C$2&"-"&SUBTOTAL(3,$G$10:G67)) -> Brand-49 | C67: Kiểm tra giá trị mặc định | D67: Kiểm tra giá trị trường Tên thương hiệu | F67: Tại màn hình thêm mới thương hiệu 1. Kiểm tra giá trị mặc định trường Tên thương hiệu | G67: 1. Mặc định hiển thị tên thương hiệu hiện tại | H67: N/A
A68: =IF(G68="","",$C$2&"-"&SUBTOTAL(3,$G$10:G68)) | B68: Kiểm tra validate trường thông tin
A69: =IF(G69="","",$C$2&"-"&SUBTOTAL(3,$G$10:G69)) -> Brand-50 | B69: Kiểm tra validate trường Tên thương hiệu | C69: Nhập tên thương hiệu hợp lệ | D69: Nhập tên < 50 ký tự | F69: Tại màn hình thêm mới thương hiệu 1. Nhập thông tin trường dữ liệu như kịch bản test 2. Click Lưu | G69: 2. Lưu thương hiệu thành công | H69: N/A
A70: =IF(G70="","",$C$2&"-"&SUBTOTAL(3,$G$10:G70)) -> Brand-51 | D70: Nhập tên = 50 ký tự | F70: Tại màn hình thêm mới thương hiệu 1. Nhập thông tin trường dữ liệu như kịch bản test 2. Click Lưu | G70: 2. Lưu thương hiệu thành công | H70: N/A
A71: =IF(G71="","",$C$2&"-"&SUBTOTAL(3,$G$10:G71)) -> Brand-52 | C71: Nhập tên thương hiệu không hợp lệ | D71: Không nhập tên | F71: Tại màn hình thêm mới thương hiệu 1. Nhập thông tin trường dữ liệu như kịch bản test 2. Click Lưu | G71: 2. Báo lỗi "Tên thương hiệu không được để trống" | H71: N/A
A72: =IF(G72="","",$C$2&"-"&SUBTOTAL(3,$G$10:G72)) -> Brand-53 | D72: Nhập tên đã tồn tại | F72: Tại màn hình thêm mới thương hiệu 1. Nhập thông tin trường dữ liệu như kịch bản test 2. Click Lưu | G72: 2. Báo lỗi "Tên thương hiệu đã tồn tại" | H72: N/A
A73: =IF(G73="","",$C$2&"-"&SUBTOTAL(3,$G$10:G73)) -> Brand-54 | D73: Nhập space | F73: Tại màn hình thêm mới thương hiệu 1. Nhập thông tin trường dữ liệu như kịch bản test 2. Click Lưu | G73: 2. Báo lỗi "Tên thương hiệu không được để trống" | H73: N/A
A74: =IF(G74="","",$C$2&"-"&SUBTOTAL(3,$G$10:G74)) -> Brand-55 | D74: Nhập > 50 ký tự | F74: Tại màn hình thêm mới thương hiệu 1. Nhập thông tin trường dữ liệu như kịch bản test 2. Click Lưu | G74: 2. Báo lỗi "Tên thương hiệu không hợp lệ" | H74: N/A
A75: =IF(G75="","",$C$2&"-"&SUBTOTAL(3,$G$10:G75)) -> Brand-56 | D75: Nhập ký tự đặc biệt | F75: Tại màn hình thêm mới thương hiệu 1. Nhập thông tin trường dữ liệu như kịch bản test 2. Click Lưu | G75: 2. Báo lỗi "Tên thương hiệu không hợp lệ" | H75: N/A
A76: =IF(G76="","",$C$2&"-"&SUBTOTAL(3,$G$10:G76)) -> Brand-57 | D76: Nhập emotion/icon | F76: Tại màn hình thêm mới thương hiệu 1. Nhập thông tin trường dữ liệu như kịch bản test 2. Click Lưu | G76: 2. Báo lỗi "Tên thương hiệu không hợp lệ" | H76: N/A
A77: =IF(G77="","",$C$2&"-"&SUBTOTAL(3,$G$10:G77)) | B77: Kiểm tra chức năng
A78: =IF(G78="","",$C$2&"-"&SUBTOTAL(3,$G$10:G78)) -> Brand-58 | B78: Kiểm tra chức năng Sửa thương hiệu | C78: Sửa thông tin mới hợp lệ | D78: Sửa thông tin mới hợp lệ | F78: Tại màn hình sửa thương hiệu 1. Nhập thông tin hợp lệ 2. Click Lưu | G78: 2. Sửa thương hiệu thành công - Hiển thị toast thông báo "Sửa thương hiệu thành công" | H78: N/A
A79: =IF(G79="","",$C$2&"-"&SUBTOTAL(3,$G$10:G79)) -> Brand-59 | G79: 2. Đóng popup sửa, quay về màn hình danh sách | H79: N/A
A80: =IF(G80="","",$C$2&"-"&SUBTOTAL(3,$G$10:G80)) -> Brand-60 | G80: 2. Hiển thị bản ghi vừa sửa lên đầu | H80: N/A
A81: =IF(G81="","",$C$2&"-"&SUBTOTAL(3,$G$10:G81)) -> Brand-61 | G81: 2. Hiển thị thông tin thương hiệu đúng với dữ liệu vừa sửa | H81: N/A
A82: =IF(G82="","",$C$2&"-"&SUBTOTAL(3,$G$10:G82)) -> Brand-62 | F82: 3. Kiểm tra thông tin trong Database | G82: 3. Thông tin update vào database thành công - bảng Brands | H82: N/A
A83: =IF(G83="","",$C$2&"-"&SUBTOTAL(3,$G$10:G83)) -> Brand-63 | F83: 4. Kiểm tra dữ liệu trên sản phẩm | G83: 4. Thông tin thương hiệu của sản phẩm thay đổi | H83: N/A
A84: =IF(G84="","",$C$2&"-"&SUBTOTAL(3,$G$10:G84)) -> Brand-64 | C84: Không sửa thông tin | D84: Sửa thông tin mới hợp lệ | F84: Tại màn hình sửa thương hiệu 1. Nhập thông tin hợp lệ 2. Click Hủy | G84: 2. Đóng popup sửa, quay về màn hình danh sách - Thông tin thương hiệu không bị thay đổi | H84: N/A
B85: Xóa thương hiệu
B86: Kiểm tra giao diện
A87: =IF(G87="","",$C$2&"-"&SUBTOTAL(3,$G$10:G87)) -> Brand-65 | B87: Kiểm tra giao diện chung của màn hình chức năng | C87: Kiểm tra giao diện so với thiết kế | D87: Kiểm tra giao diện so với thiết kế | F87: Tại màn hình quản lý thương hiệu 1. Click icon delete trên thương hiệu 2. Kiểm tra giao diện màn hình chức năng so với thiết kế | G87: 2. Hiển thị giao diện popup đúng với thiết kế Figma: - Title: Xác nhận xóa thương hiệu - Button: Hủy, Xóa - Label: Bạn có chắc chắn muốn xóa thương hiệu {Tên thương hiệu}? Hành động này không thể hoàn tác | H87: N/A
A88: =IF(G88="","",$C$2&"-"&SUBTOTAL(3,$G$10:G88)) | B88: Kiểm tra validate trường thông tin
A89: =IF(G89="","",$C$2&"-"&SUBTOTAL(3,$G$10:G89)) -> Brand-66 | B89: Kiểm tra validate button Hủy | C89: Kiểm tra validate button Hủy | D89: Thương hiệu chưa được sử dụng | F89: Tại Dialog xác nhận xóa 1. Click button Hủy 2. Kiểm tra thao tác | G89: 2. Đóng dialog thành công - Bản ghi không bị xóa | H89: N/A
A90: =IF(G90="","",$C$2&"-"&SUBTOTAL(3,$G$10:G90)) -> Brand-67 | D90: Thương hiệu đã có sản phẩm | F90: Tại Dialog xác nhận xóa 1. Click button Hủy 2. Kiểm tra thao tác | G90: 2. Đóng dialog thành công - Bản ghi không bị xóa | H90: N/A
A91: =IF(G91="","",$C$2&"-"&SUBTOTAL(3,$G$10:G91)) -> Brand-68 | B91: Kiểm tra validate button Xóa | C91: Kiểm tra validate button Xóa | D91: Thương hiệu chưa được sử dụng | F91: Tại Dialog xác nhận xóa 1. Click button Xóa 2. Kiểm tra thao tác | G91: 2. Đóng dialog thành công - Bản ghi bị xóa | H91: N/A
A92: =IF(G92="","",$C$2&"-"&SUBTOTAL(3,$G$10:G92)) -> Brand-69 | D92: Thương hiệu đã có sản phẩm | F92: Tại Dialog xác nhận xóa 1. Click button Xóa 2. Kiểm tra thao tác | G92: 2. Báo lỗi "Thương hiệu đã được sử dụng, không được xóa" | H92: N/A
A93: =IF(G93="","",$C$2&"-"&SUBTOTAL(3,$G$10:G93)) | B93: Kiểm tra chức năng
A94: =IF(G94="","",$C$2&"-"&SUBTOTAL(3,$G$10:G94)) -> Brand-70 | B94: Kiểm tra chức năng xóa | C94: Xóa thương hiệu thành công | D94: Xóa thương hiệu thành công | F94: Tại Dialog xác nhận xóa 1. Click button Xóa 2. Kiểm tra thao tác | G94: 2. Đóng dialog thành công - Bản ghi bị xóa | H94: N/A
A95: =IF(G95="","",$C$2&"-"&SUBTOTAL(3,$G$10:G95)) -> Brand-71 | G95: 2. Có toast message "Xóa thương hiệu thành công" | H95: N/A
A96: =IF(G96="","",$C$2&"-"&SUBTOTAL(3,$G$10:G96)) -> Brand-72 | G96: 2. Thương hiệu không còn hiển thị ở các màn hình liên quan - Quản lý sản phẩm | H96: N/A
A97: =IF(G97="","",$C$2&"-"&SUBTOTAL(3,$G$10:G97)) -> Brand-73 | F97: 3. Kiểm tra cập nhật trong Database | G97: 3. Cập nhật trạng thái isDeleted = True bảng: Brands | H97: N/A

Sheet QuanLyDanhMuc
B1: Module Name | C1: Quản lý danh mục | G1: Kết quả test | I1: Trạng thái lỗi
B2: Module Code | C2: Categories | G2: =Glossary!D2 -> Passed | H2: =COUNTIF($H$10:H606,G2) -> 0 | I2: =Glossary!F2 -> Done | J2: =COUNTIF($I$10:I606,I2) -> 1
B3: Total Testcases | C3: =COUNTA(G10:G606) -> 98 | G3: =Glossary!D3 -> Failed | H3: =COUNTIF($H$10:H607,G3) -> 2 | I3: =Glossary!F3 -> Open | J3: =COUNTIF($I$10:I607,I3) -> 0
B4: Coverage | C4: =($H$2+$H$3)/$C$3 -> 0.020408163 | G4: =Glossary!D4 -> Pending | H4: =COUNTIF($H$10:H608,G4) -> 0 | I4: =Glossary!F4 -> Pending | J4: =COUNTIF($I$10:I608,I4) -> 0
B5: Creator | G5: =Glossary!D5 -> N/A | H5: =COUNTIF($H$10:H609,G5) -> 96 | I5: =Glossary!F5 -> Rejected | J5: =COUNTIF($I$10:I609,I5) -> 0
A7: TC_ID | B7: Mục đích kiểm thử | C7: Kịch bản | D7: Trường hợp kiểm thử | E7: Dữ liệu | F7: Bước thực hiện | G7: Kết quả mong muốn | H7: Kết quả | I7: Trạng thái lỗi | J7: Ghi chú
B8: Pre-condition: Đăng nhập hệ thống với tài khoản có quyền
B9: Danh sách danh mục
B10: Kiểm tra giao diện
A11: =IF(G11="","",$C$2&"-"&SUBTOTAL(3,$G$10:G11)) -> Categories-1 | B11: Kiểm tra giao diện chung của màn hình chức năng | C11: Kiểm tra giao diện so với thiết kế | D11: Kiểm tra giao diện so với thiết kế | F11: 1. Truy cập màn hình Quản lý danh mục 2. Kiểm tra giao diện màn hình chức năng so với thiết kế | G11: 2. Hiển thị giao diện màn hình chức năng đúng với thiết kế Figma: - Title: Quản lý danh mục - Button: Thêm danh mục - Textbox tìm kiếm - Gird danh sách danh mục | H11: N/A
A12: =IF(G12="","",$C$2&"-"&SUBTOTAL(3,$G$10:G12)) -> Categories-2 | G12: 2. Các trường thông tin hiển thị đúng chính tả | H12: N/A
A13: =IF(G13="","",$C$2&"-"&SUBTOTAL(3,$G$10:G13)) -> Categories-3 | G13: 2. Các trường thông tin hiển thị đúng layout, căn chỉnh thẳng hàng, không bị xô lệch | H13: N/A
A14: =IF(G14="","",$C$2&"-"&SUBTOTAL(3,$G$10:G14)) -> Categories-4 | G14: 2. Các trường thông tin hiển thị đúng stype, color, font size | H14: N/A
A15: =IF(G15="","",$C$2&"-"&SUBTOTAL(3,$G$10:G15)) -> Categories-5 | C15: Kiểm tra hiển thị danh sách danh mục | D15: Không có dữ liệu danh mục | F15: Tại màn hình quản lý danh mục 1. Kiểm tra gird danh mục trên màn hình | G15: 1. Hiển thị thông báo "Không có danh mục phù hợp" | H15: N/A
A16: =IF(G16="","",$C$2&"-"&SUBTOTAL(3,$G$10:G16)) -> Categories-6 | D16: Có dữ liệu danh mục | F16: Tại màn hình quản lý danh mục 1. Kiểm tra gird danh mục trên màn hình | G16: 1. Hiển thị card thông tin danh mục gồm - icon danh mục - Tên danh mục - Mô tả - Trạng thái - icon edit - icon delete | H16: N/A
A17: =IF(G17="","",$C$2&"-"&SUBTOTAL(3,$G$10:G17)) -> Categories-7 | G17: 1. Gird card hiển thị 3 cột trên dòng | H17: N/A
A18: =IF(G18="","",$C$2&"-"&SUBTOTAL(3,$G$10:G18)) -> Categories-8 | B18: Kiểm tra giao diện tìm kiếm | C18: Kiểm tra giao diện tìm kiếm | D18: Kiểm tra giao diện tìm kiếm | F18: Tại màn hình quản lý danh mục 1. Kiểm tra trường Tìm kiếm | G18: 1. Mặc định trường textbox Trống | H18: N/A
A19: =IF(G19="","",$C$2&"-"&SUBTOTAL(3,$G$10:G19)) -> Categories-9 | G19: 1. Hiển thị place holder text "Tìm kiếm theo tên hoặc mô tả danh mục" | H19: N/A
A20: =IF(G20="","",$C$2&"-"&SUBTOTAL(3,$G$10:G20)) | B20: Kiểm tra validate trường thông tin
A21: =IF(G21="","",$C$2&"-"&SUBTOTAL(3,$G$10:G21)) -> Categories-10 | B21: Kiểm tra validate trường Tìm kiếm theo tên danh mục | C21: Nhập thông tin hợp lệ | D21: Nhập danh mục đang hoạt động | F21: Tại màn hình quản lý danh mục 1. Nhập thông tin tìm kiếm như kịch bản test 2. Kiểm tra kết quả tìm kiếm | G21: 2. Cho phép nhập thông tin, thực hiện tìm kiếm | H21: N/A
A22: =IF(G22="","",$C$2&"-"&SUBTOTAL(3,$G$10:G22)) -> Categories-11 | D22: Nhập danh mục không hoạt động | F22: Tại màn hình quản lý danh mục 1. Nhập thông tin tìm kiếm như kịch bản test 2. Kiểm tra kết quả tìm kiếm | G22: 2. Cho phép nhập thông tin, thực hiện tìm kiếm | H22: N/A
A23: =IF(G23="","",$C$2&"-"&SUBTOTAL(3,$G$10:G23)) -> Categories-12 | D23: Nhập danh mục đã bị xóa | F23: Tại màn hình quản lý danh mục 1. Nhập thông tin tìm kiếm như kịch bản test 2. Kiểm tra kết quả tìm kiếm | G23: 2. Cho phép nhập thông tin, thực hiện tìm kiếm | H23: N/A
A24: =IF(G24="","",$C$2&"-"&SUBTOTAL(3,$G$10:G24)) -> Categories-13 | C24: Nhập thông tin không hợp lệ | D24: Nhập danh mục không tồn tại | F24: Tại màn hình quản lý danh mục 1. Nhập thông tin tìm kiếm như kịch bản test 2. Kiểm tra kết quả tìm kiếm | G24: 2. Cho phép nhập thông tin, thực hiện tìm kiếm | H24: N/A
A25: =IF(G25="","",$C$2&"-"&SUBTOTAL(3,$G$10:G25)) | B25: Kiểm tra chức năng
A26: =IF(G26="","",$C$2&"-"&SUBTOTAL(3,$G$10:G26)) -> Categories-14 | B26: Kiểm tra chức năng tìm kiếm | C26: Tìm kiếm với keyword tồn tại | D26: Nhập danh mục đang hoạt động | F26: Tại màn hình quản lý danh mục 1. Nhập thông tin tìm kiếm như kịch bản test 2. Kiểm tra kết quả tìm kiếm | G26: 2. Hiển thị danh sách danh mục theo keyword | H26: N/A
A27: =IF(G27="","",$C$2&"-"&SUBTOTAL(3,$G$10:G27)) -> Categories-15 | G27: 2. Hiển thị đúng dữ liệu trong db SQL: SELECT * FROM categories WHERE name = '' OR description='' AND active = true AND delete_at is null | H27: N/A
A28: =IF(G28="","",$C$2&"-"&SUBTOTAL(3,$G$10:G28)) -> Categories-16 | D28: Nhập danh mục không hoạt động | F28: Tại màn hình quản lý danh mục 1. Nhập thông tin tìm kiếm như kịch bản test 2. Kiểm tra kết quả tìm kiếm | G28: 2. Hiển thị danh sách danh mục theo keyword | H28: N/A
A29: =IF(G29="","",$C$2&"-"&SUBTOTAL(3,$G$10:G29)) -> Categories-17 | G29: 2. Hiển thị đúng dữ liệu trong db SQL: SELECT * FROM categories WHERE name = '' AND active = false AND delete_at is null | H29: N/A
A30: =IF(G30="","",$C$2&"-"&SUBTOTAL(3,$G$10:G30)) -> Categories-18 | D30: Nhập danh mục đã bị xóa | F30: Tại màn hình quản lý danh mục 1. Nhập thông tin tìm kiếm như kịch bản test 2. Kiểm tra kết quả tìm kiếm | G30: 2. Báo lỗi "Không tìm thấy danh mục phù hợp" | H30: Failed | I30: Done | J30: QAT-251
A31: =IF(G31="","",$C$2&"-"&SUBTOTAL(3,$G$10:G31)) -> Categories-19 | G31: 2. Hiển thị đúng dữ liệu trong db SQL: SELECT * FROM categories WHERE name = '' AND active = false AND delete_at not null | H31: N/A
A32: =IF(G32="","",$C$2&"-"&SUBTOTAL(3,$G$10:G32)) -> Categories-20 | C32: Tìm kiếm với keyword không tồn tại | D32: Nhập danh mục không tồn tại | F32: Tại màn hình quản lý danh mục 1. Nhập thông tin tìm kiếm như kịch bản test 2. Kiểm tra kết quả tìm kiếm | G32: 2. Báo lỗi "Không tìm thấy danh mục phù hợp" | H32: N/A
A33: =IF(G33="","",$C$2&"-"&SUBTOTAL(3,$G$10:G33)) -> Categories-21 | B33: Kiểm tra chức năng các button | C33: Kiểm tra chức năng các button | D33: Kiểm tra button Thêm danh mục | F33: Tại màn hình quản lý danh mục 1. Click button Thêm mới 2. Kiểm tra thao tác | G33: 2. Hiển thị popup Thêm mới | H33: N/A
A34: =IF(G34="","",$C$2&"-"&SUBTOTAL(3,$G$10:G34)) -> Categories-22 | D34: Kiểm tra icon edit | F34: Tại màn hình quản lý danh mục 1. Click icon edit trên bản ghi 2. Kiểm tra thao tác | G34: 2. Hiển thị popup Chỉnh sửa | H34: N/A
A35: =IF(G35="","",$C$2&"-"&SUBTOTAL(3,$G$10:G35)) -> Categories-23 | D35: Kiểm tra icon delete | F35: Tại màn hình quản lý danh mục 1. Click icon delete trên bản ghi 2. Kiểm tra thao tác | G35: 2. Hiển thị Dialog Xóa | H35: N/A
A36: =IF(G36="","",$C$2&"-"&SUBTOTAL(3,$G$10:G36)) | B36: Thêm mới danh mục
A37: =IF(G37="","",$C$2&"-"&SUBTOTAL(3,$G$10:G37)) | B37: Kiểm tra giao diện
A38: =IF(G38="","",$C$2&"-"&SUBTOTAL(3,$G$10:G38)) -> Categories-24 | B38: Kiểm tra giao diện chung của màn hình chức năng | C38: Kiểm tra giao diện so với thiết kế | D38: Kiểm tra giao diện so với thiết kế | F38: Tại màn hình quản lý danh mục 1. Click button "Thêm danh mục" 2. Kiểm tra giao diện màn hình chức năng so với thiết kế | G38: 2. Hiển thị giao diện màn hình chức năng đúng với thiết kế Figma: - Title: Thêm danh mục - Button: Hủy, Lưu - Textbox Tên danh mục * - Text Area Mô tả danh mục - Upload ảnh - Checkbox Hoạt động | H38: N/A
A39: =IF(G39="","",$C$2&"-"&SUBTOTAL(3,$G$10:G39)) -> Categories-25 | G39: 2. Các trường thông tin hiển thị đúng chính tả | H39: N/A
A40: =IF(G40="","",$C$2&"-"&SUBTOTAL(3,$G$10:G40)) -> Categories-26 | G40: 2. Các trường thông tin hiển thị đúng layout, căn chỉnh thẳng hàng, không bị xô lệch | H40: N/A
A41: =IF(G41="","",$C$2&"-"&SUBTOTAL(3,$G$10:G41)) -> Categories-27 | G41: 2. Các trường thông tin hiển thị đúng stype, color, font size | H41: N/A
A42: =IF(G42="","",$C$2&"-"&SUBTOTAL(3,$G$10:G42)) -> Categories-28 | G42: 2. Error message được hiển thị inline, màu đỏ | H42: N/A
A43: =IF(G43="","",$C$2&"-"&SUBTOTAL(3,$G$10:G43)) -> Categories-29 | C43: Kiểm tra giá trị mặc định | D43: Kiểm tra giá trị trường Tên danh mục | F43: Tại màn hình thêm mới danh mục 1. Kiểm tra giá trị mặc định trường Tên danh mục | G43: 1. Tên danh mục mặc định trống | H43: N/A
A44: =IF(G44="","",$C$2&"-"&SUBTOTAL(3,$G$10:G44)) -> Categories-30 | G44: 1. Hiển thị place holder text "Nhập tên danh mục" | H44: N/A
A45: =IF(G45="","",$C$2&"-"&SUBTOTAL(3,$G$10:G45)) -> Categories-31 | D45: Kiểm tra giá trị checkbox Hoạt động | F45: Tại màn hình thêm mới danh mục 1. Kiểm tra giá trị mặc định trường checkbox Hoạt động | G45: 1. Giá trị mặc định là Checked | H45: N/A
A46: =IF(G46="","",$C$2&"-"&SUBTOTAL(3,$G$10:G46)) | B46: Kiểm tra validate trường thông tin
A47: =IF(G47="","",$C$2&"-"&SUBTOTAL(3,$G$10:G47)) -> Categories-32 | B47: Kiểm tra validate trường Tên danh mục | C47: Nhập tên danh mục hợp lệ | D47: Nhập tên < 255 ký tự | F47: Tại màn hình thêm mới danh mục 1. Nhập thông tin trường dữ liệu như kịch bản test 2. Click Lưu | G47: 2. Lưu danh mục thành công | H47: N/A
A48: =IF(G48="","",$C$2&"-"&SUBTOTAL(3,$G$10:G48)) -> Categories-33 | D48: Nhập tên = 255 ký tự | F48: Tại màn hình thêm mới danh mục 1. Nhập thông tin trường dữ liệu như kịch bản test 2. Click Lưu | G48: 2. Lưu danh mục thành công | H48: N/A
A49: =IF(G49="","",$C$2&"-"&SUBTOTAL(3,$G$10:G49)) -> Categories-34 | C49: Nhập tên danh mục không hợp lệ | D49: Không nhập tên | F49: Tại màn hình thêm mới danh mục 1. Nhập thông tin trường dữ liệu như kịch bản test 2. Click Lưu | G49: 2. Báo lỗi "Tên danh mục không được để trống" | H49: N/A
A50: =IF(G50="","",$C$2&"-"&SUBTOTAL(3,$G$10:G50)) -> Categories-35 | D50: Nhập tên đã tồn tại | F50: Tại màn hình thêm mới danh mục 1. Nhập thông tin trường dữ liệu như kịch bản test 2. Click Lưu | G50: 2. Báo lỗi "Tên danh mục đã tồn tại" | H50: N/A
A51: =IF(G51="","",$C$2&"-"&SUBTOTAL(3,$G$10:G51)) -> Categories-36 | D51: Nhập space | F51: Tại màn hình thêm mới danh mục 1. Nhập thông tin trường dữ liệu như kịch bản test 2. Click Lưu | G51: 2. Báo lỗi "Tên danh mục không được để trống" | H51: N/A
A52: =IF(G52="","",$C$2&"-"&SUBTOTAL(3,$G$10:G52)) -> Categories-37 | D52: Nhập tên > 255 ký tự | F52: Tại màn hình thêm mới danh mục 1. Nhập thông tin trường dữ liệu như kịch bản test 2. Click Lưu | G52: 2. Báo lỗi "Tên danh mục không hợp lệ" | H52: N/A
A53: =IF(G53="","",$C$2&"-"&SUBTOTAL(3,$G$10:G53)) -> Categories-38 | D53: Nhập ký tự đặc biệt | F53: Tại màn hình thêm mới danh mục 1. Nhập thông tin trường dữ liệu như kịch bản test 2. Click Lưu | G53: 2. Báo lỗi "Tên danh mục không hợp lệ" | H53: N/A
A54: =IF(G54="","",$C$2&"-"&SUBTOTAL(3,$G$10:G54)) -> Categories-39 | D54: Nhập emotion/icon | F54: Tại màn hình thêm mới danh mục 1. Nhập thông tin trường dữ liệu như kịch bản test 2. Click Lưu | G54: 2. Báo lỗi "Tên danh mục không hợp lệ" | H54: N/A
A55: =IF(G55="","",$C$2&"-"&SUBTOTAL(3,$G$10:G55)) -> Categories-40 | B55: Kiểm tra validate trường Ghi chú | C55: Nhập ghi chú hợp lệ | D55: Nhập < 1000 ký tự | F55: Tại màn hình thêm mới danh mục 1. Nhập thông tin trường dữ liệu như kịch bản test 2. Click Lưu | G55: 2. Nhập ghi chú thành công | H55: N/A
A56: =IF(G56="","",$C$2&"-"&SUBTOTAL(3,$G$10:G56)) -> Categories-41 | D56: Nhập = 1000 ký tự | F56: Tại màn hình thêm mới danh mục 1. Nhập thông tin trường dữ liệu như kịch bản test 2. Click Lưu | G56: 2. Nhập ghi chú thành công | H56: N/A
A57: =IF(G57="","",$C$2&"-"&SUBTOTAL(3,$G$10:G57)) -> Categories-42 | C57: Nhập ghi chú không hợp lệ | D57: Nhập > 1000 ký tự | F57: Tại màn hình thêm mới danh mục 1. Nhập thông tin trường dữ liệu như kịch bản test 2. Click Lưu | G57: 2. Báo lỗi "Ghi chú chỉ được nhập tối đa 1000 ký tự" | H57: N/A
A58: =IF(G58="","",$C$2&"-"&SUBTOTAL(3,$G$10:G58)) -> Categories-43 | B58: Kiểm tra validate trường Ảnh | C58: Chọn ảnh hợp lệ | D58: Chọn ảnh đúng định dạng image | F58: Tại màn hình thêm mới danh mục 1. Nhập thông tin trường dữ liệu như kịch bản test 2. Click Lưu | G58: 2. Upload ảnh thành công | H58: N/A
A59: =IF(G59="","",$C$2&"-"&SUBTOTAL(3,$G$10:G59)) -> Categories-44 | D59: Chọn ảnh dưới 5M | F59: Tại màn hình thêm mới danh mục 1. Nhập thông tin trường dữ liệu như kịch bản test 2. Click Lưu | G59: 2. Upload ảnh thành công | H59: N/A
A60: =IF(G60="","",$C$2&"-"&SUBTOTAL(3,$G$10:G60)) -> Categories-45 | C60: Xóa ảnh | D60: Xóa ảnh | F60: Tại màn hình thêm mới danh mục 1. Chọn ảnh hợp lệ 2. Click Xóa ảnh | G60: 2. Xóa ảnh thành công | H60: N/A
A61: =IF(G61="","",$C$2&"-"&SUBTOTAL(3,$G$10:G61)) -> Categories-46 | C61: Chọn ảnh không hợp lệ | D61: Chọn file không phải định dạng image | F61: Tại màn hình thêm mới danh mục 1. Nhập thông tin trường dữ liệu như kịch bản test 2. Click Lưu | G61: 2. Báo lỗi định dạng không hợp lệ | H61: N/A
A62: =IF(G62="","",$C$2&"-"&SUBTOTAL(3,$G$10:G62)) -> Categories-47 | D62: Chọn ảnh >= 5M | F62: Tại màn hình thêm mới danh mục 1. Nhập thông tin trường dữ liệu như kịch bản test 2. Click Lưu | G62: 2. Báo lỗi dung lượng quá 5M | H62: N/A
A63: =IF(G63="","",$C$2&"-"&SUBTOTAL(3,$G$10:G63)) -> Categories-48 | B63: Kiểm tra validate trường Hoạt động | C63: Kiểm tra check chọn | D63: Uncheck checkbox | F63: Tại màn hình thêm mới danh mục 1. Uncheck checkbox hoạt động | G63: 1. Uncheck thành công | H63: N/A
A64: =IF(G64="","",$C$2&"-"&SUBTOTAL(3,$G$10:G64)) -> Categories-49 | D64: Checked chọn checkbox | F64: Tại màn hình thêm mới danh mục 1. Checked checkbox hoạt động | G64: 1. Checked thành công | H64: N/A
A65: =IF(G65="","",$C$2&"-"&SUBTOTAL(3,$G$10:G65)) | B65: Kiểm tra chức năng
A66: =IF(G66="","",$C$2&"-"&SUBTOTAL(3,$G$10:G66)) -> Categories-50 | B66: Kiểm tra chức năng Lưu | C66: Thêm mới với thông tin hợp lệ | D66: Thêm mới với thông tin hợp lệ | F66: Tại màn hình thêm mới danh mục 1. Nhập thông tin hợp lệ 2. Click Lưu | G66: 2. Thêm mới danh mục thành công - Hiển thị toast thông báo "Thêm mới danh mục thành công" | H66: N/A
A67: =IF(G67="","",$C$2&"-"&SUBTOTAL(3,$G$10:G67)) -> Categories-51 | G67: 2. Đóng popup thêm mới, quay về màn hình danh sách | H67: N/A
A68: =IF(G68="","",$C$2&"-"&SUBTOTAL(3,$G$10:G68)) -> Categories-52 | G68: 2. Hiển thị bản ghi thêm mới lên đầu | H68: N/A
A69: =IF(G69="","",$C$2&"-"&SUBTOTAL(3,$G$10:G69)) -> Categories-53 | G69: 2. Hiển thị thông tin danh mục đúng với dữ liệu thêm mới | H69: N/A
A70: =IF(G70="","",$C$2&"-"&SUBTOTAL(3,$G$10:G70)) -> Categories-54 | F70: 3. Kiểm tra thông tin trong Database | G70: 3. Thông tin insert vào database thành công - bảng categories | H70: N/A
A71: =IF(G71="","",$C$2&"-"&SUBTOTAL(3,$G$10:G71)) -> Categories-55 | B71: Kiểm tra chức năng Hủy | C71: Đã nhập thông tin danh mục | D71: Đã nhập thông tin danh mục | F71: Tại màn hình thêm mới danh mục 1. Nhập thông tin hợp lệ 2. Click Hủy | G71: 2. Hiển thị dia log confirm "Bạn muốn hủy thêm mới danh mục ?" | H71: N/A
A72: =IF(G72="","",$C$2&"-"&SUBTOTAL(3,$G$10:G72)) -> Categories-56 | F72: 3. Click Hủy | G72: 3. Tắt dia log, vẫn giữ nguyên popup với thông tin đã nhập | H72: N/A
A73: =IF(G73="","",$C$2&"-"&SUBTOTAL(3,$G$10:G73)) -> Categories-57 | F73: 3. Click Đồng ý | G73: 3. Đóng popup thêm mới, quay về màn hình danh sách - Không thêm mới danh mục | H73: N/A
A74: =IF(G74="","",$C$2&"-"&SUBTOTAL(3,$G$10:G74)) -> Categories-58 | C74: Chưa nhập thông tin danh mục | D74: Chưa nhập thông tin danh mục | F74: Tại màn hình thêm mới danh mục 1. Không nhập thông tin 2. Click Hủy | G74: 2. Đóng popup thêm mới, quay về màn hình danh sách | H74: N/A
B75: Chỉnh sửa danh mục
B76: Kiểm tra giao diện
A77: =IF(G77="","",$C$2&"-"&SUBTOTAL(3,$G$10:G77)) -> Categories-59 | B77: Kiểm tra giao diện chung của màn hình chức năng | C77: Kiểm tra giao diện so với thiết kế | D77: Kiểm tra giao diện so với thiết kế | F77: Tại màn hình quản lý danh mục 1. Click icon edit trên danh mục 2. Kiểm tra giao diện màn hình chức năng so với thiết kế | G77: 2. Hiển thị giao diện màn hình chức năng đúng với thiết kế Figma: - Title: Sửa danh mục - Textbox Tên danh mục * - Text area Mô tả danh mục - Ảnh danh mục - Icon Xóa ảnh - Checkbox Hoạt động - Button: Hủy, Lưu | H77: N/A
A78: =IF(G78="","",$C$2&"-"&SUBTOTAL(3,$G$10:G78)) -> Categories-60 | G78: 2. Các trường thông tin hiển thị đúng chính tả | H78: N/A
A79: =IF(G79="","",$C$2&"-"&SUBTOTAL(3,$G$10:G79)) -> Categories-61 | G79: 2. Các trường thông tin hiển thị đúng layout, căn chỉnh thẳng hàng, không bị xô lệch | H79: N/A
A80: =IF(G80="","",$C$2&"-"&SUBTOTAL(3,$G$10:G80)) -> Categories-62 | G80: 2. Các trường thông tin hiển thị đúng stype, color, font size | H80: N/A
A81: =IF(G81="","",$C$2&"-"&SUBTOTAL(3,$G$10:G81)) -> Categories-63 | G81: 2. Error message được hiển thị inline, màu đỏ | H81: N/A
A82: =IF(G82="","",$C$2&"-"&SUBTOTAL(3,$G$10:G82)) -> Categories-64 | C82: Kiểm tra giá trị mặc định | D82: Kiểm tra giá trị trường Tên danh mục | F82: Tại màn hình thêm mới danh mục 1. Kiểm tra giá trị mặc định trường của danh mục | G82: 1. Mặc định hiển thị thông tin danh mục hiện tại | H82: N/A
A83: =IF(G83="","",$C$2&"-"&SUBTOTAL(3,$G$10:G83)) | B83: Kiểm tra validate trường thông tin
A84: =IF(G84="","",$C$2&"-"&SUBTOTAL(3,$G$10:G84)) -> Categories-65 | B84: Kiểm tra validate trường Tên danh mục | C84: Nhập tên danh mục hợp lệ | D84: Nhập tên < 50 ký tự | F84: Tại màn hình thêm mới danh mục 1. Nhập thông tin trường dữ liệu như kịch bản test 2. Click Lưu | G84: 2. Lưu danh mục thành công | H84: N/A
A85: =IF(G85="","",$C$2&"-"&SUBTOTAL(3,$G$10:G85)) -> Categories-66 | D85: Nhập tên = 50 ký tự | F85: Tại màn hình thêm mới danh mục 1. Nhập thông tin trường dữ liệu như kịch bản test 2. Click Lưu | G85: 2. Lưu danh mục thành công | H85: N/A
A86: =IF(G86="","",$C$2&"-"&SUBTOTAL(3,$G$10:G86)) -> Categories-67 | C86: Nhập tên danh mục không hợp lệ | D86: Không nhập tên | F86: Tại màn hình thêm mới danh mục 1. Nhập thông tin trường dữ liệu như kịch bản test 2. Click Lưu | G86: 2. Báo lỗi "Tên danh mục không được để trống" | H86: N/A
A87: =IF(G87="","",$C$2&"-"&SUBTOTAL(3,$G$10:G87)) -> Categories-68 | D87: Nhập tên đã tồn tại | F87: Tại màn hình thêm mới danh mục 1. Nhập thông tin trường dữ liệu như kịch bản test 2. Click Lưu | G87: 2. Báo lỗi "Tên danh mục đã tồn tại" | H87: N/A
A88: =IF(G88="","",$C$2&"-"&SUBTOTAL(3,$G$10:G88)) -> Categories-69 | D88: Nhập space | F88: Tại màn hình thêm mới danh mục 1. Nhập thông tin trường dữ liệu như kịch bản test 2. Click Lưu | G88: 2. Báo lỗi "Tên danh mục không được để trống" | H88: N/A
A89: =IF(G89="","",$C$2&"-"&SUBTOTAL(3,$G$10:G89)) -> Categories-70 | D89: Nhập > 50 ký tự | F89: Tại màn hình thêm mới danh mục 1. Nhập thông tin trường dữ liệu như kịch bản test 2. Click Lưu | G89: 2. Báo lỗi "Tên danh mục không hợp lệ" | H89: N/A
A90: =IF(G90="","",$C$2&"-"&SUBTOTAL(3,$G$10:G90)) -> Categories-71 | D90: Nhập ký tự đặc biệt | F90: Tại màn hình thêm mới danh mục 1. Nhập thông tin trường dữ liệu như kịch bản test 2. Click Lưu | G90: 2. Báo lỗi "Tên danh mục không hợp lệ" | H90: N/A
A91: =IF(G91="","",$C$2&"-"&SUBTOTAL(3,$G$10:G91)) -> Categories-72 | D91: Nhập emotion/icon | F91: Tại màn hình thêm mới danh mục 1. Nhập thông tin trường dữ liệu như kịch bản test 2. Click Lưu | G91: 2. Báo lỗi "Tên danh mục không hợp lệ" | H91: N/A
A92: =IF(G92="","",$C$2&"-"&SUBTOTAL(3,$G$10:G92)) -> Categories-73 | B92: Kiểm tra validate trường Ghi chú | C92: Nhập ghi chú hợp lệ | D92: Nhập < 1000 ký tự | F92: Tại màn hình thêm mới danh mục 1. Nhập thông tin trường dữ liệu như kịch bản test 2. Click Lưu | G92: 2. Nhập ghi chú thành công | H92: N/A
A93: =IF(G93="","",$C$2&"-"&SUBTOTAL(3,$G$10:G93)) -> Categories-74 | D93: Nhập = 1000 ký tự | F93: Tại màn hình thêm mới danh mục 1. Nhập thông tin trường dữ liệu như kịch bản test 2. Click Lưu | G93: 2. Nhập ghi chú thành công | H93: N/A
A94: =IF(G94="","",$C$2&"-"&SUBTOTAL(3,$G$10:G94)) -> Categories-75 | C94: Nhập ghi chú không hợp lệ | D94: Nhập > 1000 ký tự | F94: Tại màn hình thêm mới danh mục 1. Nhập thông tin trường dữ liệu như kịch bản test 2. Click Lưu | G94: 2. Báo lỗi "Ghi chú chỉ được nhập tối đa 1000 ký tự" | H94: N/A
A95: =IF(G95="","",$C$2&"-"&SUBTOTAL(3,$G$10:G95)) -> Categories-76 | B95: Kiểm tra validate trường Ảnh | C95: Chọn ảnh hợp lệ | D95: Chọn ảnh đúng định dạng image | F95: Tại màn hình thêm mới danh mục 1. Nhập thông tin trường dữ liệu như kịch bản test 2. Click Lưu | G95: 2. Upload ảnh thành công | H95: N/A
A96: =IF(G96="","",$C$2&"-"&SUBTOTAL(3,$G$10:G96)) -> Categories-77 | D96: Chọn ảnh dưới 5M | F96: Tại màn hình thêm mới danh mục 1. Nhập thông tin trường dữ liệu như kịch bản test 2. Click Lưu | G96: 2. Upload ảnh thành công | H96: N/A
A97: =IF(G97="","",$C$2&"-"&SUBTOTAL(3,$G$10:G97)) -> Categories-78 | C97: Chọn ảnh không hợp lệ | D97: Chọn file không phải định dạng image | F97: Tại màn hình thêm mới danh mục 1. Nhập thông tin trường dữ liệu như kịch bản test 2. Click Lưu | G97: 2. Báo lỗi định dạng không hợp lệ | H97: N/A
A98: =IF(G98="","",$C$2&"-"&SUBTOTAL(3,$G$10:G98)) -> Categories-79 | D98: Chọn ảnh >= 5M | F98: Tại màn hình thêm mới danh mục 1. Nhập thông tin trường dữ liệu như kịch bản test 2. Click Lưu | G98: 2. Báo lỗi dung lượng quá 5M | H98: N/A
A99: =IF(G99="","",$C$2&"-"&SUBTOTAL(3,$G$10:G99)) -> Categories-80 | C99: Xóa ảnh | D99: Xóa ảnh hiện tại | F99: Tại màn hình thêm mới danh mục 1. Nhập thông tin trường dữ liệu như kịch bản test 2. Click Lưu | G99: 2. Xóa ảnh thành công | H99: N/A
A100: =IF(G100="","",$C$2&"-"&SUBTOTAL(3,$G$10:G100)) -> Categories-81 | B100: Kiểm tra validate trường Hoạt động | C100: Kiểm tra check chọn | D100: Uncheck checkbox | F100: Tại màn hình thêm mới danh mục 1. Uncheck checkbox hoạt động | G100: 1. Uncheck thành công | H100: N/A
A101: =IF(G101="","",$C$2&"-"&SUBTOTAL(3,$G$10:G101)) -> Categories-82 | D101: Checked chọn checkbox | F101: Tại màn hình thêm mới danh mục 1. Checked checkbox hoạt động | G101: 1. Checked thành công | H101: N/A
...

Sheet Bản sao của QuanLyDanhMuc
B1: Module Name | C1: Quản lý giỏ hàng | G1: Kết quả test | I1: Trạng thái lỗi
B2: Module Code | C2: Categories | G2: =Glossary!D2 -> Passed | H2: =COUNTIF($H$10:H625,G2) -> 0 | I2: =Glossary!F2 -> Done | J2: =COUNTIF($I$10:I625,I2) -> 0
B3: Total Testcases | C3: =COUNTA(G10:G625) -> 9 | G3: =Glossary!D3 -> Failed | H3: =COUNTIF($H$10:H626,G3) -> 0 | I3: =Glossary!F3 -> Open | J3: =COUNTIF($I$10:I626,I3) -> 0
B4: Coverage | C4: =($H$2+$H$3)/$C$3 -> 0 | G4: =Glossary!D4 -> Pending | H4: =COUNTIF($H$10:H627,G4) -> 0 | I4: =Glossary!F4 -> Pending | J4: =COUNTIF($I$10:I627,I4) -> 0
B5: Creator | G5: =Glossary!D5 -> N/A | H5: =COUNTIF($H$10:H628,G5) -> 98 | I5: =Glossary!F5 -> Rejected | J5: =COUNTIF($I$10:I628,I5) -> 0
A7: TC_ID | B7: Mục đích kiểm thử | C7: Kịch bản | D7: Trường hợp kiểm thử | E7: Dữ liệu | F7: Bước thực hiện | G7: Kết quả mong muốn | H7: Kết quả | I7: Trạng thái lỗi | J7: Ghi chú
B8: Pre-condition: Đăng nhập hệ thống với tài khoản có quyền
B9: Danh sách giỏ hàng
B10: Kiểm tra giao diện
A11: =IF(G11="","",$C$2&"-"&SUBTOTAL(3,$G$10:G11)) -> Categories-1 | B11: Kiểm tra giao diện chức năng | C11: Kiểm tra giao diện với thiết kế | D11: Kiểm tra giao diện với thiết kế | F11: 1. Truy cập màn hình quản lý giỏ hàng 2. Kiểm tra giao diện màn hình danh sách giỏ hàng | G11: 2. Giỏ hàng hiển thị đúng với design Figma: | H11: N/A
A12: =IF(G12="","",$C$2&"-"&SUBTOTAL(3,$G$10:G12)) | H12: N/A
A13: =IF(G13="","",$C$2&"-"&SUBTOTAL(3,$G$10:G13)) | H13: N/A
A14: =IF(G14="","",$C$2&"-"&SUBTOTAL(3,$G$10:G14)) | H14: N/A
A15: =IF(G15="","",$C$2&"-"&SUBTOTAL(3,$G$10:G15)) | H15: N/A | J15: Không tìm thấy danh mục phù hợp
A16: =IF(G16="","",$C$2&"-"&SUBTOTAL(3,$G$10:G16)) | H16: N/A | J16: Số lượng ko hiển thị đúng
A17: =IF(G17="","",$C$2&"-"&SUBTOTAL(3,$G$10:G17)) | H17: N/A
A18: =IF(G18="","",$C$2&"-"&SUBTOTAL(3,$G$10:G18)) | H18: N/A
A19: =IF(G19="","",$C$2&"-"&SUBTOTAL(3,$G$10:G19)) | H19: N/A
A20: =IF(G20="","",$C$2&"-"&SUBTOTAL(3,$G$10:G20)) | B20: Validate
A21: =IF(G21="","",$C$2&"-"&SUBTOTAL(3,$G$10:G21)) | B21: Tên | C21: Hợp lệ | D21: Không trống | H21: N/A
D22: Nhập 99 ký tự (<100 ký tự)
D23: Nhập 100 ký tự
D24: 5345612%$!52647 | F24: 5345612%$!52647
C27: Không hợp lệ
B28: Mã
A29: =IF(G29="","",$C$2&"-"&SUBTOTAL(3,$G$10:G29)) | B29: Giá | H29: N/A
A30: =IF(G30="","",$C$2&"-"&SUBTOTAL(3,$G$10:G30)) | H30: N/A
A31: =IF(G31="","",$C$2&"-"&SUBTOTAL(3,$G$10:G31)) | H31: N/A
B32: FUnction | C32: Đại lý
A33: =IF(G33="","",$C$2&"-"&SUBTOTAL(3,$G$10:G33)) | B33: Chi tiết | C33: TTC
A34: =IF(G34="","",$C$2&"-"&SUBTOTAL(3,$G$10:G34)) | C34: Đại lý | H34: N/A
A35: =IF(G35="","",$C$2&"-"&SUBTOTAL(3,$G$10:G35)) | B35: Xoá | H35: N/A
H36: N/A
A37: =IF(G37="","",$C$2&"-"&SUBTOTAL(3,$G$10:G37)) | H37: N/A
A38: =IF(G38="","",$C$2&"-"&SUBTOTAL(3,$G$10:G38)) | H38: N/A
H39: N/A
A40: =IF(G40="","",$C$2&"-"&SUBTOTAL(3,$G$10:G40)) | H40: N/A
A41: =IF(G41="","",$C$2&"-"&SUBTOTAL(3,$G$10:G41)) | H41: N/A
A42: =IF(G42="","",$C$2&"-"&SUBTOTAL(3,$G$10:G42)) | H42: N/A
A43: =IF(G43="","",$C$2&"-"&SUBTOTAL(3,$G$10:G43)) | H43: N/A
A44: =IF(G44="","",$C$2&"-"&SUBTOTAL(3,$G$10:G44)) | B44: Thêm mới
A45: =IF(G45="","",$C$2&"-"&SUBTOTAL(3,$G$10:G45)) | B45: Kiểm tra giao diện
A46: =IF(G46="","",$C$2&"-"&SUBTOTAL(3,$G$10:G46)) -> Categories-2 | B46: Kiểm tra giao diện đúng thiết kế | G46: Đúng với thiết kế | H46: N/A
A47: =IF(G47="","",$C$2&"-"&SUBTOTAL(3,$G$10:G47)) -> Categories-3 | G47: Đúng style: font style, font color, font size | H47: N/A
A48: =IF(G48="","",$C$2&"-"&SUBTOTAL(3,$G$10:G48)) -> Categories-4 | G48: Các trường căn chỉnh thẳng hàng | H48: N/A
A49: =IF(G49="","",$C$2&"-"&SUBTOTAL(3,$G$10:G49)) -> Categories-5 | G49: Layout không bị vỡ | H49: N/A
A50: =IF(G50="","",$C$2&"-"&SUBTOTAL(3,$G$10:G50)) -> Categories-6 | G50: Đúng ngữ pháp, nội dung | H50: N/A | J50: Bắn cả response message lên giao diện
A51: =IF(G51="","",$C$2&"-"&SUBTOTAL(3,$G$10:G51)) | B51: Kiểm tra giá trị mặc định | C51: Kiểm tra mặc định trường Tên | H51: N/A
A52: =IF(G52="","",$C$2&"-"&SUBTOTAL(3,$G$10:G52)) -> Categories-7 | C52: Kiểm tra mặc định trường checkbox | G52: Mặc định là checked | H52: N/A
A53: =IF(G53="","",$C$2&"-"&SUBTOTAL(3,$G$10:G53)) | H53: N/A
A54: =IF(G54="","",$C$2&"-"&SUBTOTAL(3,$G$10:G54)) | B54: Kiểm tra validate dữ liệu
A55: =IF(G55="","",$C$2&"-"&SUBTOTAL(3,$G$10:G55)) -> Categories-8 | B55: Kiểm tra trường Tên danh mục | C55: Nhập Tên danh mục hợp lệ | D55: Nhập <255 ký tự | F55: Tại popop thêm mới Danh mục 1. Nhập tên danh mục < 255 ký tự 2. Kiểm tra hoạt động | G55: 2. Cho phép nhập | H55: N/A
D56: Nhập = 255 ký tự | F56: Tại popop thêm mới Danh mục 1. Nhập tên danh mục = 255 ký tự 2. Kiểm tra hoạt động | G56: 2. Cho phép nhập
A63: =IF(G63="","",$C$2&"-"&SUBTOTAL(3,$G$10:G63)) | C63: Nhập Tên danh mục không hợp lệ | D63: Không nhập | H63: N/A
D64: Nhập space
D65: Nhập > 255 ký tự
D66: Nhập ký tự đặc biệt
D67: Nhập emotion
A68: =IF(G68="","",$C$2&"-"&SUBTOTAL(3,$G$10:G68)) | H68: N/A
A69: =IF(G69="","",$C$2&"-"&SUBTOTAL(3,$G$10:G69)) | B69: Kiểm tra trường Mô tả | C69: Nhập Mô tả hợp lệ | H69: N/A | J69: Thông báo ko rõ ràng
A70: =IF(G70="","",$C$2&"-"&SUBTOTAL(3,$G$10:G70)) | C70: Nhập Mô tả không hợp lệ | H70: N/A
A71: =IF(G71="","",$C$2&"-"&SUBTOTAL(3,$G$10:G71)) | H71: N/A
A72: =IF(G72="","",$C$2&"-"&SUBTOTAL(3,$G$10:G72)) | H72: N/A
A73: =IF(G73="","",$C$2&"-"&SUBTOTAL(3,$G$10:G73)) | B73: Kiểm tra trường Ảnh danh mục | C73: Upload ảnh hợp lệ | H73: N/A
A74: =IF(G74="","",$C$2&"-"&SUBTOTAL(3,$G$10:G74)) | C74: Upload ảnh không hợp lệ | H74: N/A
A75: =IF(G75="","",$C$2&"-"&SUBTOTAL(3,$G$10:G75)) | H75: N/A
A76: =IF(G76="","",$C$2&"-"&SUBTOTAL(3,$G$10:G76)) | B76: Kiểm tra trường Checkbox Hoạt động | H76: N/A
A77: =IF(G77="","",$C$2&"-"&SUBTOTAL(3,$G$10:G77)) | H77: N/A
A78: =IF(G78="","",$C$2&"-"&SUBTOTAL(3,$G$10:G78)) | H78: N/A
A79: =IF(G79="","",$C$2&"-"&SUBTOTAL(3,$G$10:G79)) | H79: N/A
A80: =IF(G80="","",$C$2&"-"&SUBTOTAL(3,$G$10:G80)) | H80: N/A
A81: =IF(G81="","",$C$2&"-"&SUBTOTAL(3,$G$10:G81)) | B81: Kiểm tra button | C81: Button Lưu | H81: N/A
A82: =IF(G82="","",$C$2&"-"&SUBTOTAL(3,$G$10:G82)) | C82: Button Huỷ | H82: N/A
A83: =IF(G83="","",$C$2&"-"&SUBTOTAL(3,$G$10:G83)) | H83: N/A
A84: =IF(G84="","",$C$2&"-"&SUBTOTAL(3,$G$10:G84)) | B84: Kiểm tra chức năng
A85: =IF(G85="","",$C$2&"-"&SUBTOTAL(3,$G$10:G85)) | H85: N/A
A86: =IF(G86="","",$C$2&"-"&SUBTOTAL(3,$G$10:G86)) | H86: N/A
A87: =IF(G87="","",$C$2&"-"&SUBTOTAL(3,$G$10:G87)) | H87: N/A
A88: =IF(G88="","",$C$2&"-"&SUBTOTAL(3,$G$10:G88)) | H88: N/A
A89: =IF(G89="","",$C$2&"-"&SUBTOTAL(3,$G$10:G89)) | H89: N/A
A90: =IF(G90="","",$C$2&"-"&SUBTOTAL(3,$G$10:G90)) | H90: N/A
A91: =IF(G91="","",$C$2&"-"&SUBTOTAL(3,$G$10:G91)) | H91: N/A
A92: =IF(G92="","",$C$2&"-"&SUBTOTAL(3,$G$10:G92)) | H92: N/A
A93: =IF(G93="","",$C$2&"-"&SUBTOTAL(3,$G$10:G93)) | H93: N/A
B94: Chỉnh sửa
A96: =IF(G96="","",$C$2&"-"&SUBTOTAL(3,$G$10:G96)) | H96: N/A
A97: =IF(G97="","",$C$2&"-"&SUBTOTAL(3,$G$10:G97)) | H97: N/A
A98: =IF(G98="","",$C$2&"-"&SUBTOTAL(3,$G$10:G98)) | H98: N/A
A99: =IF(G99="","",$C$2&"-"&SUBTOTAL(3,$G$10:G99)) | H99: N/A
A100: =IF(G100="","",$C$2&"-"&SUBTOTAL(3,$G$10:G100)) | H100: N/A
A101: =IF(G101="","",$C$2&"-"&SUBTOTAL(3,$G$10:G101)) | H101: N/A
A102: =IF(G102="","",$C$2&"-"&SUBTOTAL(3,$G$10:G102))
A103: =IF(G103="","",$C$2&"-"&SUBTOTAL(3,$G$10:G103)) | H103: N/A
A104: =IF(G104="","",$C$2&"-"&SUBTOTAL(3,$G$10:G104)) | H104: N/A
A105: =IF(G105="","",$C$2&"-"&SUBTOTAL(3,$G$10:G105)) | H105: N/A
A106: =IF(G106="","",$C$2&"-"&SUBTOTAL(3,$G$10:G106)) | H106: N/A
A107: =IF(G107="","",$C$2&"-"&SUBTOTAL(3,$G$10:G107)) | H107: N/A
A108: =IF(G108="","",$C$2&"-"&SUBTOTAL(3,$G$10:G108)) | H108: N/A
A109: =IF(G109="","",$C$2&"-"&SUBTOTAL(3,$G$10:G109)) | H109: N/A
A110: =IF(G110="","",$C$2&"-"&SUBTOTAL(3,$G$10:G110)) | H110: N/A
...

Sheet Design
A1: Loại khuyến mại | B1: https://app.mindmup.com/map/_free/2026/04/82ee17e038d411f182adb14e9429b705
A2: Giá trị KM | C2: Phân vùng tương đương
A3: Đơn hàng tối thiểu | C3: Giá trị biên
A4: TG Bắt đầu
A5: TG Kết thúc
A6: KÍch hoạt
A8: Bảng quyết định
B9: Loại khuyến mại | C9: Giá trị KM | D9: Đơn hàng tối thiểu | E9: TG Bắt đầu | F9: TG Kết thúc | G9: KÍch hoạt | H9: KQ Mong muống
A10: TC1 | B10: % | C10: Bằng tổng HĐ | D10: 100đ | E10: T | F10: T | G10: T
A11: TC2 | B11: % | C11: Bằng tổng HĐ | D11: >100đ
A12: TC3 | C12: < tổng HĐ | D12: 100đ
A13: TC4 | D13: >100đ
A14: TC5 | B14: Số tiền | C14: Bằng tổng HĐ | D14: 100đ | E14: T | F14: T | G14: T
A15: TC6 | D15: >100đ
A16: TC7 | C16: < tổng HĐ | D16: 100đ
A17: TC8 | D17: >100đ
A18: TC9 | B18: MP Vận chuyển | C18: Bằng tổng HĐ | D18: 100đ | E18: T | F18: T | G18: T
A19: TC10 | D19: >100đ
A20: TC11 | C20: < tổng HĐ | D20: 100đ
A21: TC12 | D21: >100đ
A25: Danh sách danh mục
A26: GUI | B26: API ??? | C26: DB.Tables (Categories)
A27: Tên | C27: name
A28: Mô tả | C28: description
A29: Trạng thái | C29: active
A30: ẢNh | C30: image_url
C31: id
C33: TC1
A34: Loại khuyến mại | B34: % | C34: T % | D34: T % | E34: T %
A35: Giá trị KM | B35: 0.1 | C35: T 10% | D35: T 10% | E35: F 10%
A36: Sồ tiền KM tối đa | B36: 20k | C36: 20k
A37: Đơn hàng tối thiểu | B37: 500k | C37: T 500k | D37: F 499k | E37: F 499k
C38: 450k | D38: 499k
B41: Kích hoạt | C41: T | D41: T | E41: T | F41: F | G41: F
B42: Bắt đầu | C42: T | D42: F | E42: T | F42: T | G42: T
B43: Kết thúc | C43: T | D43: T | E43: F | F43: T | G43: T
C44: Use | D44: Not Use | E44: U | F44: Not | G44: Not
A49: {
A50: content: [
A51: {
A52: id: "11111111-0003-0003-0003-000000000003",
A53: sku: "CAM-CAN-5D4-BODY",
A54: name: "Canon EOS 5D Mark IV Body",
A55: listedPrice: 85000000.00,
A56: price: 80000000.00,
A57: thumbnailUrl: "https://placehold.co/600x400/png?text=Canon+5D+Mark+IV",
A58: availableStock: 6,
A59: inStock: true,
A60: category: {
... A771: }
C1052: T

Sheet Trang tính5
A4: id: "11111111-0003-0003-0003-000000000003",
A6: name: "Canon EOS 5D Mark IV Body",
A11: inStock: true,
A13: id: 1,
A15: imageUrl: "https://placehold.co/400x300/png?text=DSLR",
A20: id: 1,
A27: id: "11111111-0004-0004-0004-000000000004",
A34: inStock: true,
A36: id: 1,
A38: imageUrl: "https://placehold.co/400x300/png?text=DSLR",
A43: id: 2,
A50: id: "11111111-0005-0005-0005-000000000005",
... A710: id: 1,
